site,date,0,1,2,3,4,5,6,7,8,9,10,11,12,13,14,15,16,17,18,19,20,21,22,23
2号线中山公园,0,34.346637778241,0.0,0.0,0.0,0.14285713863198296,0.0,645.0890386643612,0.0,2419.7438282721114,3103.6199262722475,3231.584888027214,3701.279048581504,4401.294610494731,4434.582759871562,4688.047617076006,5035.745963360472,5030.898049488258,5725.4481066356875,5733.573594666784,4295.527523420856,3822.8604244666535,3442.783614311235,1816.3809866093873,260.117506126028
2号线中山公园,1,27.037566740321104,0.0,0.0,0.0,0.14285713863198296,0.0,489.6158952284792,0.0,2838.046290632974,3260.386886031385,2825.9720112536766,3226.5078856261007,3950.524504890558,3546.780399209617,4353.560244357182,4870.797353256438,4668.763022917015,5211.523454271533,4888.647568966859,3610.7089664154364,3372.561737157719,2465.901326155388,1334.1082396734632,254.88849909668033
2号线中山公园,2,-1.308660349745983,0.0,0.0,0.0,0.14285713863198296,0.0,656.3531817006316,0.0,5229.168920203523,4376.871086242316,3014.1162666301857,2418.1082439837323,3005.6750179333744,3449.3315731585153,3983.5264788698255,4127.741397564167,4290.508670825246,5467.822590180087,5763.914874859773,3863.335055686811,3219.4811807067413,2383.5210209236075,1411.75356925357,209.59013789045332
2号线中山公园,3,-3.5435858084913923,0.0,0.0,0.0,0.14285713863198296,0.0,670.0381257162476,0.0,6450.9196709415555,5077.0378074812415,2999.62081379024,2647.695205820886,3082.2016128108417,3784.878478790004,3219.606877682755,3195.611938926968,3847.172689344133,5433.716865146498,6683.819940541736,4263.297352273241,3261.549897567911,2743.9573729017566,1503.121050866529,187.4137387360866
2号线中山公园,4,4.111661057893352,0.0,0.0,0.0,0.14285713863198296,0.0,670.0381257162476,0.0,5667.588040564271,4765.453722192215,2852.268085767928,2617.9904148102664,2966.4809998355136,3533.6245884970886,2737.4120440730944,2724.6199468097034,3529.836134391595,5123.599611320586,6072.813491203937,3782.543101223626,3060.542447045635,2701.8247309896524,1361.2862746389565,243.2473529316976
2号线中山公园,5,-3.4590672003054337,0.0,0.0,0.0,0.14285713863198296,0.0,670.0381257162476,0.0,6470.710829902371,5186.190710548308,2861.242681911263,2087.870566684929,2444.4255756876073,2794.29475613442,2872.1862827603386,3047.7607895433603,3355.71568942082,5332.298531534227,7031.666462271109,4175.418342101969,3223.352692185133,2886.314207521016,1538.2143025837959,251.01305058846395
2号线中山公园,6,5.736831825468727,0.0,0.0,0.0,0.14285713863198296,0.0,670.0381257162476,0.0,5217.654080533777,4570.574865667446,2861.242681911263,2618.1455314502864,3184.1584792896188,3672.8254873001533,3530.2110028065995,3936.562043849604,3893.8927763643296,5681.091009638723,7290.74511388654,4680.35225004227,3553.3525362712808,3441.311257979039,1843.1287653811219,291.36406496579474
2号线中山公园,7,32.590478328027125,0.0,0.0,0.0,0.14285713863198296,0.0,670.0381257162476,0.0,2852.0573411140795,3442.181572286374,2861.242681911263,3565.6206813140234,4331.05393621322,3960.7618394846395,4253.974249764367,4762.621874582864,4329.030825774116,5622.2322867542025,5981.972273882093,4356.1883677581645,3657.7138873406057,3378.8958889822225,1723.7013680743323,268.416167630446
2号线中山公园,8,27.0946973804814,0.0,0.0,0.0,0.14285713863198296,0.0,670.0381257162476,0.0,2776.9547196748645,3306.1475205503466,2861.242681911263,3256.959155876698,3938.971210433385,3321.7813727837347,4540.269983529028,4941.902811844279,4551.627290087938,5468.136576856712,4999.3921820803625,3851.993028852752,3531.637477730781,2706.264663109657,1456.5464186725312,237.40410385627814
9号线打浦桥,0,0.0,0.0,0.0,0.0,0.03571428530469187,37.35714285714286,451.57806769447035,965.6876071779716,1636.5029667004546,2598.8081270173325,3450.8537098958514,3758.4955980868663,3786.1532775300443,0.0,4369.653001453489,4331.198187167491,4717.9010479624785,5363.562406798606,4549.826865732868,3577.2022177139916,3432.918981617684,2891.045318166338,1209.0213409060616,115.49626938933235
9号线打浦桥,1,0.0,0.0,0.0,0.0,0.03571428530469187,37.35714285714286,453.6170414641549,1492.9697349036596,2676.8800993994228,2172.5375721868604,3261.7045006814524,3459.3680179437206,3294.3254680838413,0.0,4222.935510864054,4133.612893922855,4422.316441519013,4963.519330852374,3474.861607109349,3035.9532676971958,2723.264972632458,2331.7314888497986,830.9573991008943,53.423158757208775
9号线打浦桥,2,0.0,0.0,0.0,0.0,0.03571428530469187,37.35714285714286,711.4773835494541,2868.7883811034862,5613.109038826615,4877.333765097708,3184.842621538676,3126.389493865984,3603.8172037174577,0.0,4021.4247899638267,3880.0371366548134,4070.6795656230825,5562.164428175471,5512.074190189589,3173.366331846175,2591.64414691083,2062.366369601794,866.358342229062,39.11492546453111
9号线打浦桥,3,0.0,0.0,0.0,0.0,0.03571428530469187,37.35714285714286,758.3580339177906,3512.8375038180557,6963.070117439016,5898.624728854948,3188.5833331585195,2843.301312708971,3427.884795127976,0.0,3694.5337875337154,3713.205673211387,3909.3894651042283,5915.954414630276,6325.092144081082,3473.397129636347,2729.23415440822,2095.4526387738388,929.4460092096937,49.23910676952299
9号线打浦桥,4,0.0,0.0,0.0,0.0,0.03571428530469187,37.35714285714286,734.183623880235,3057.961855897135,6074.210690314925,5240.470267778717,3228.5876988305035,2790.409957546852,3593.3538821224874,0.0,3542.1277750259615,3450.8647639257724,4051.376675629923,5633.389003381242,5100.617837440733,3091.8232794780324,2515.2498652756726,2031.814728676101,805.7078417844892,40.666774314260856
9号线打浦桥,5,0.0,0.0,0.0,0.0,0.03571428530469187,37.35714285714286,904.6619894256186,3603.1780683566576,7583.131602894413,5816.181900685091,3199.46367078203,2768.7027774647986,3431.3229229285726,0.0,3422.396608221571,3401.557716672027,4397.0326977167915,6074.030737798461,5396.7198627358775,3398.628856068728,2688.917177234627,2194.081024926446,985.1896056507896,72.5391444389696
9号线打浦桥,6,0.0,0.0,0.0,0.0,0.03571428530469187,37.35714285714286,853.5157258645143,2571.4274368425613,5407.3742193458875,5363.504050428485,3213.3398849056284,3036.1739424162997,3431.3229229285726,0.0,3699.5850620367,3683.414380266946,4704.088405754325,6194.742578564379,5993.61524450611,3866.9347966102614,3138.810694233207,2639.6940954569745,1313.1335614801546,129.89219210960658
9号线打浦桥,7,0.0,0.0,0.0,0.0,0.03571428530469187,37.35714285714286,566.4029568440003,1353.0944151184867,2488.284148622093,2639.5574114973124,3216.1810619118787,3314.533621961351,3431.3229229285726,0.0,3957.667267120627,3963.86800019955,4757.419613893458,5460.117688149858,4513.556194822459,3615.261959751875,3065.3813707618947,2759.640382958448,1184.2298385882766,113.20319940578868
9号线打浦桥,8,0.0,0.0,0.0,0.0,0.03571428530469187,37.35714285714286,556.6535624032606,1567.263779659792,2763.767839205684,2191.623860433634,3198.1285148897277,3432.2307701860786,3431.3229229285726,0.0,4135.098170559594,4045.686459457096,4519.763709348788,5102.932496529651,3890.196189389856,3112.8558031686753,2832.3729157385105,2472.3014975492797,865.7524889040227,52.89130191920286
9号线九亭,0,25.002605050373305,0.0,0.0,0.0,0.0,70.96062837979677,0.0,1849.989455964478,0.0,3317.8604144580463,2863.214336297198,2666.1474866274916,2868.5711978030063,2780.292536468915,2790.5565151933615,2738.8559901843328,3174.417302564011,3717.301279976147,3645.2589758448994,3144.4718757449045,2494.3101198065415,2067.314986037032,1556.3123873191662,375.97864146159776
9号线九亭,1,25.463738010825907,0.0,0.0,0.0,0.0,46.43597871637145,0.0,3353.849743628529,0.0,3681.537745423564,2338.2984276143,2481.381738372252,2698.7925966602897,2686.8696729008952,2596.7959907780696,2716.1898541963114,3260.3481600878613,3881.6971303080572,4801.8857986139155,2983.7255224581536,2268.8759895871153,1596.6122168482489,1205.312172771363,215.9679436925154
9号线九亭,2,1.6524786546498582,0.0,0.0,0.0,0.0,64.48423883848663,0.0,7349.687311801035,0.0,4790.88429562228,2099.8148907806835,1946.7436032031933,2536.6099245422783,2349.6982983615953,2143.542786760193,2587.0889610178224,2971.889415720441,5116.65462897219,7514.983472690652,5740.281410915352,2967.2065242007557,2189.0714878443378,1190.40039643209,207.94864757046935
9号线九亭,3,-4.375091665328138,0.0,0.0,0.0,0.0,50.29575753823838,0.0,9129.591276977442,0.0,5446.025395871959,2438.476175530741,2036.568308241323,2323.957418448086,2214.1372927763005,2092.9660312871015,2380.777381216094,2888.4100018787085,5616.939336697826,8818.06066410694,6399.51197611387,3403.9162883665103,2852.0658271092307,1540.5725648758826,244.62690892331275
9号线九亭,4,3.309741059125141,0.0,0.0,0.0,0.0,55.474701311816816,0.0,7764.728654573191,0.0,5331.744716592853,2542.00813312421,2163.524749547397,2211.9386190168952,2181.3068117176936,2020.7045598535497,2242.154564341331,3073.0048738791443,5189.934622320921,7667.0582011523475,5577.355504974006,3135.2235166979026,2680.538141335781,1540.5725648758826,241.48523960566325
9号线九亭,5,-1.6724163426699334,0.0,0.0,0.0,0.0,54.524836832921395,0.0,9673.558008476704,0.0,5404.1444107685875,2108.976038833295,1909.2492956947253,2279.794383762386,1993.6012574974366,1769.7739547228648,2259.020709529208,3073.0048738791443,5564.101023650321,8825.373549001619,6298.827244081182,3494.7726534678523,2797.3357935085915,1540.5725648758826,327.6360824988297
9号线九亭,6,1.1769396767102993,0.0,0.0,0.0,0.0,48.912011106724364,0.0,6988.013486710353,0.0,4521.277116508107,2369.238221464703,2098.7550073025805,2478.850671929664,2226.414431659434,2135.038797066738,2407.60374563762,3073.0048738791443,5078.086323516627,6729.8127975485,5873.149198508974,3480.1938038934895,2815.6752175463944,1540.5725648758826,438.9972734513465
9号线九亭,7,23.436562479323904,0.0,0.0,0.0,0.0,55.6091004180775,0.0,3181.12998967374,0.0,3591.8962475576336,2699.618183779242,2590.727451933666,2667.4301130345502,2580.0128265152607,2712.3333938498063,2577.4639787757997,3073.0048738791443,3857.527837173502,4432.741519459036,3197.2375599490197,2752.6685774399766,2186.41041528244,1540.5725648758826,374.1792375727857
9号线九亭,8,26.394473837159737,0.0,0.0,0.0,0.0,46.45764957893279,0.0,3533.9417018295208,0.0,3746.6238976733694,2353.2990916976732,2406.4702983222014,2711.689147055222,2642.913361184943,2562.963698110425,2652.684099542632,3073.0048738791443,3876.410338776772,4914.578336658873,3016.1409044542897,2416.794304092583,1752.1570174502776,1540.5725648758826,240.18122693225132
9号线七宝,0,16.98521016497053,0.0,0.0,0.0,1.2913414410493846,171.75,0.0,1740.433847238004,3031.6033565504913,3581.3908215859633,3566.236079292359,3611.0155950115313,4495.282458074348,4658.84180154894,5217.155249490711,4476.317915115347,4689.769315683786,4987.036365845946,5188.414066873149,4045.1381075503846,3381.6448561101993,2854.9242569531907,1563.5356076513729,232.56896549701065
9号线七宝,1,15.059634855452781,0.0,0.0,0.0,1.0299197951943646,171.75,0.0,2082.701424285686,4101.391184964619,3341.9404297222486,2834.68958900613,3299.83443792417,3733.6220664072603,4109.293051263641,4568.312658271077,4449.773511092972,4588.352358612743,4965.968290652394,5107.128829529436,3515.953506062161,2966.2895389260434,2169.8977068115955,1201.5727322342282,141.27508284231038
9号线七宝,2,4.167187397960381,0.0,0.0,0.0,0.9334822710039454,171.75,0.0,3941.119055156927,6224.860986074069,3553.3465638474922,2921.123660886248,2881.196759225704,2863.6302200074515,3018.619066905643,2946.1452373302513,3696.3315899865975,3975.5024630754538,5207.14173195167,5946.495741373943,4370.777386964137,2776.5414547142527,2047.6943967869192,1187.225512280206,159.2182672051596
9号线七宝,3,-1.0818893568134147,0.0,0.0,0.0,0.8979068080710275,171.75,0.0,4873.038098120036,7111.662376426375,3932.0005046720053,2977.2291778706885,2670.146391918828,3042.182447767015,2932.9814907066375,2680.6786661117844,2765.1308473079816,3296.279968632732,4905.284547313407,6676.068893100361,4506.971292074338,2836.4991537785313,2438.7918860246245,1321.2894289953956,150.10452136577695
9号线七宝,4,1.3072237977607646,0.0,0.0,0.0,0.8847831451243053,171.75,0.0,4449.496959368096,6424.272675073324,4205.4342049050565,2706.564884408208,2683.626407388322,3274.6186447347072,3408.729392701085,2799.3708696719223,2333.5297828684493,3042.8262240311583,4997.652877439174,5986.763329733027,3870.7630238029433,3031.835013385364,2453.672353461003,1260.2632369545372,129.95652347633006
9号线七宝,5,-2.3817783855442247,0.0,0.0,0.0,0.8799418720967715,171.75,0.0,5107.633951132957,7422.118679341569,4260.016995458803,2802.954331983958,2352.3934167902744,2668.0880013897868,2720.2058962683677,2303.1214349163038,2714.3958978145015,3397.777087550427,5002.095650176685,6779.7994714284105,4321.535847478446,3215.524550365506,2621.2024999662517,1442.511983002973,200.62565834028334
9号线七宝,6,2.865730397574879,0.0,0.0,0.0,0.878155943532294,171.75,0.0,4106.994111032595,5590.536162074113,4145.837267586094,2927.9897212138767,2791.822210355711,3225.389274777117,3079.9660006652903,3287.711424062245,3629.312451531321,4102.663668725126,5002.095650176685,6557.6051305419805,4972.881440886449,3295.503319890192,3049.9840740371537,1768.4204139521783,274.4269715387609
9号线七宝,7,13.54548354245342,0.0,0.0,0.0,0.8774971207765276,171.75,0.0,2329.3623875688972,3690.992953967372,3988.579213869507,2847.84928407108,3222.9507383559694,4124.964738722569,4221.32156602887,5066.946608983431,4412.098842521249,4646.120459947792,5002.095650176685,5580.717751615215,4302.677170430168,3264.4785877251834,2899.7914769854688,1596.217624037858,243.34460334535362
9号线七宝,8,14.479695117302334,0.0,0.0,0.0,0.8772540833829001,171.75,0.0,2279.4213796047115,4220.346901633431,3891.6976430439036,2798.0466125056423,3241.5825545070766,3688.7727692146236,4066.7372695267786,4595.340662367169,4493.876411174377,4634.857297447668,5002.095650176685,5184.648254230506,3826.1877039002597,3175.5562495335375,2222.945454541341,1187.9524099074488,172.55337907181126
8号线沈杜公路,0,53.11305561805038,0.03571428530469187,0.03571428530469187,0.0,0.9999999999999999,0.0,0.0,3181.513144842469,3989.6739977148136,4159.178571428572,0.0,2894.459509299223,3021.4807552640646,2660.4997370317915,3257.3359393277165,3349.4979825942164,3232.818049718276,3533.9938841659077,3675.9650798820894,2933.7573989837497,2084.133776121265,2014.9620203168035,1700.0165312344348,615.3665991575451
8号线沈杜公路,1,42.59510034895149,0.03571428530469187,0.03571428530469187,0.0,0.9999999999999999,0.0,0.0,3648.6262186395143,4762.471829489004,4159.178571428572,0.0,2837.049014129118,2984.3498761764045,2598.855057169388,3175.184093090709,3190.56783294985,3361.128047635538,3649.927883282591,3717.1553416730394,3267.444738312967,2133.092795856744,1832.472151026705,1457.7552143977318,435.51277240636546
8号线沈杜公路,2,10.757611997813292,0.03571428530469187,0.03571428530469187,0.0,0.9999999999999999,0.0,0.0,7128.983825287189,7900.251196712114,4159.178571428572,0.0,2487.21198985477,2659.1202454511335,2558.788908596022,2661.5947920247863,2734.804527739747,3205.699978306539,4183.85510473491,4833.782776400058,5283.10860007792,2606.1297278968577,1899.5175050693451,1467.0774399829622,383.2902018491418
8号线沈杜公路,3,-3.9026392776705237,0.03571428530469187,0.03571428530469187,0.0,0.9999999999999999,0.0,0.0,9326.729587607657,9018.448821348538,4159.178571428572,0.0,2105.792901897047,2283.4210990360493,2552.383903060604,2094.341586495054,2323.8455831226743,2974.130252741546,4488.160531950476,6179.109550114946,5262.229068487271,2606.1297278968577,2064.252312297763,1450.1326221170375,439.04789662227836
8号线沈杜公路,4,5.593107757127221,0.03571428530469187,0.03571428530469187,0.0,0.9999999999999999,0.0,0.0,8298.478705341959,8438.70686229241,4159.178571428572,0.0,1977.065660832592,2131.7481197911557,2571.4889755001523,1890.6297287588425,2264.99522246224,3325.163739031098,4144.598015351477,6530.556437127421,4596.451892652445,2606.1297278968577,2188.993534987776,1391.3942354860933,407.4946008927666
8号线沈杜公路,5,-9.089953399847111,0.03571428530469187,0.03571428530469187,0.0,0.9999999999999999,0.0,0.0,9788.696421587214,9727.321392964677,4159.178571428572,0.0,2196.86263420432,2314.9096685179697,2598.3951856029507,2200.248686228544,2601.4323974221493,3325.163739031098,4687.588876630516,5831.710181965608,5313.633616107096,2606.1297278968577,2221.535513003557,1677.604118029375,501.1184337469215
8号线沈杜公路,6,13.397987337416609,0.03571428530469187,0.03571428530469187,0.0,0.9999999999999999,0.0,0.0,7918.36241590821,8001.202619269165,4159.178571428572,0.0,2601.2313516179456,2699.073058460829,2617.548915508576,2795.4318543694394,3080.5439088468784,3325.163739031098,4368.452013641094,4842.159735834934,4814.993533242487,2606.1297278968577,2185.603560290967,1864.9903348593966,648.2027360702232
8号线沈杜公路,7,44.490023131177324,0.03571428530469187,0.03571428530469187,0.0,0.9999999999999999,0.0,0.0,4353.248217340773,5026.836106591531,4159.178571428572,0.0,2888.7309813295124,3003.553573103404,2622.318617703623,3238.409682370455,3343.596121060879,3325.163739031098,3795.278108799217,4421.466998580236,2927.0211895913717,2606.1297278968577,2132.770942010823,1640.1214584186773,610.5111681883764
8号线沈杜公路,8,41.117177804594405,0.03571428530469187,0.03571428530469187,0.0,0.9999999999999999,0.0,0.0,3796.3925633392246,5218.497221623442,4159.178571428572,0.0,2845.1444654727084,3005.8936383444156,2615.209029886086,3203.398243764923,3194.334249473541,3325.163739031098,3750.0915258033438,4795.955133820255,3355.0445554438656,2606.1297278968577,2100.6040491228828,1487.9558376038603,434.2080095078277
2号线金科路,0,0.0,0.0,0.0,0.0,0.03571428406716224,0.0,291.6081192536321,915.64136618443,1558.9692914122497,3590.255047819818,1918.5912259158506,1922.0445484734712,1956.7142857142858,2408.62883473643,2019.3502607966284,2321.406734041893,2803.1541796065635,3198.2934401625926,4277.38224083166,2955.3728981546697,2459.2116661027376,2028.4197809909265,1027.0978981163385,223.0476110628532
2号线金科路,1,0.0,0.0,0.0,0.0,0.03571428406716224,0.0,350.07138598966833,1014.955813757298,1991.3366840942476,3958.834864031549,1738.1642729574573,1860.7697663721713,1956.7142857142858,2325.250987428642,2001.1084605534986,2282.737368428696,2732.8797421849076,3197.5971077021163,4440.515967645286,2348.4787761749667,2450.227518264217,1637.7616539869914,717.4620549885494,120.63077193310204
2号线金科路,2,0.0,0.0,0.0,0.0,0.03571428406716224,0.0,525.5748044660645,3671.6421397357153,11417.714241236272,6900.528065084798,1992.500814850572,1679.9615322376847,1956.7142857142858,2124.5978086207506,1909.8837360216621,1977.8297237290135,2503.4168738902717,6086.958516725438,7157.283531488207,4748.256015625363,2888.470873156837,1776.2911002971014,715.0327926304312,116.76890889841411
2号线金科路,3,0.0,0.0,0.0,0.0,0.03571428406716224,0.0,557.220250694661,4024.3943382642137,12655.176736091264,8616.70654929953,2033.834060651551,1519.0218273762237,1956.7142857142858,1915.398597058429,1977.2005688119793,1621.7914792793708,2298.498337390078,7192.599634934544,8948.16648602207,5240.62897757897,3415.8713414080694,2175.1815182402343,849.4215396467973,132.03199878493783
2号线金科路,4,0.0,0.0,0.0,0.0,0.03571428406716224,0.0,467.24690245705324,3663.9860635567793,11187.245396147799,7688.598391211794,2183.889945517234,1426.7303658036387,1956.7142857142858,1734.3496399244652,1881.015557466078,1465.7927249597303,2364.0715901465,5730.651962999447,7741.089851423962,4263.051634702731,3219.658407046747,1989.9129606115912,774.7937305363976,100.64399720215508
2号线金科路,5,0.0,0.0,0.0,0.0,0.03571428406716224,0.0,517.3088196780302,4383.071107818707,14505.817357588603,8359.23887885224,2343.0682160981087,1493.650583007744,1956.7142857142858,1744.9633103847548,1779.494121652886,1619.8759684636366,2485.322812482892,6707.790566509204,9367.376745850863,5078.6945959022905,3434.9745940390003,2452.1428199006,884.3530538945477,138.73449010577946
2号线金科路,6,0.0,0.0,0.0,0.0,0.03571428406716224,0.0,480.3452004755154,3227.851896672526,11106.749046083218,6927.010857863232,2213.039505845346,1678.1690320124105,1956.7142857142858,1940.2557340866308,1779.494121652886,1975.331455232182,2653.732206219879,6473.312901131121,8117.9957796343115,5266.166442350606,3172.2375709260195,2564.8029168947614,1100.1194096337317,222.74273604047798
2号线金科路,7,0.0,0.0,0.0,0.0,0.03571428406716224,0.0,348.6919572112829,1007.1454673447834,1892.5249513458439,4280.904464265575,1868.0824989631583,1841.1310437628254,1956.7142857142858,2192.485957182443,1779.494121652886,2281.394740252203,2726.665480324391,3575.5762750001322,5129.506519988183,3196.8088669040244,2686.920916859385,2165.030516449596,1017.3250979866498,198.58319244062145
2号线金科路,8,0.0,0.0,0.0,0.0,0.03571428406716224,0.0,384.83400563666646,1522.526113161316,3031.7833413568733,4075.7310284484593,1811.7082653470025,1873.8385645605317,1956.7142857142858,2336.7114121898094,1779.494121652886,2322.1543716307133,2668.019444495525,2998.5494442125128,4427.487702048169,2743.6385684603447,2480.7503465493573,1730.4849690384362,770.5348375525152,125.07846532525643
9号线漕河泾开发区,0,0.0,0.0,0.03571428530469187,0.0,0.03571428530469187,45.36353394393414,0.0,621.0531275106823,6413.161167770894,2272.8787365392163,1297.37845071103,1033.4252943935908,1403.4439475092527,1284.1910481255927,1129.4518137129553,1079.7581512675356,1429.039230625745,2776.761019889248,2285.119041613554,1060.0633701016548,694.0626219545522,643.0698157522302,470.5521428139572,97.08123657714665
9号线漕河泾开发区,1,0.0,0.0,0.03571428530469187,0.0,0.03571428530469187,43.81324873078307,0.0,1131.0162575467184,6227.285096145575,2158.6386565860466,1191.0596682374087,772.1901849465669,1225.5975570875576,1268.7425371121944,946.4901964237162,894.5786235112579,1361.7693558527071,3203.615370642361,3450.6141745479545,976.9282490591844,740.5484521371463,669.274814420658,413.00510469768716,46.616842055620324
9号线漕河泾开发区,2,0.0,0.0,0.03571428530469187,0.0,0.03571428530469187,37.21174712948552,0.0,3068.1891511939775,11463.142387328178,8716.47053880923,2306.382362334105,1317.0158532161904,1458.8009721584126,1638.6462742803988,1473.3239702338306,1568.8927062209493,1976.2424003182396,6365.281516461342,6984.809418188928,3956.6293307442456,2126.353078429187,1274.4260052238633,462.6215400945166,37.45118943245603
9号线漕河泾开发区,3,0.0,0.0,0.03571428530469187,0.0,0.03571428530469187,36.247529106770536,0.0,4092.436365931482,11403.327043296815,10527.314740823602,2490.1871431862924,1710.0279234132138,1666.9398888718792,1816.828429247933,1671.6899810959019,1828.6388042477065,2231.5398485389405,8174.502616462942,9584.08388347735,4439.457045551827,2585.6827509951627,1631.165407782572,551.4103342622398,49.62854255743497
9号线漕河泾开发区,4,0.0,0.0,0.03571428530469187,0.0,0.03571428530469187,36.247529106770536,0.0,3426.5019545268333,11403.327043296815,9061.199676983739,2003.2655801769624,1557.3874338623625,1589.1683696397968,1682.4455421040657,1487.4587591711404,1567.2315693163632,2051.980150030373,7259.189726796823,8271.730100180812,4076.963241758313,2663.0835213249416,1553.8456847378948,514.3731823970538,50.801903795408194
9号线漕河泾开发区,5,0.0,0.0,0.03571428530469187,0.0,0.03571428530469187,36.247529106770536,0.0,4289.749798660976,11403.327043296815,9986.47653206328,2256.469575357243,1548.1872925450884,1812.350854667813,1797.9834908858315,1652.8649252214377,1766.769110079691,2368.073470272854,8596.09831288642,10372.245316186594,4748.633224122217,2958.927964059686,1714.056883576472,756.2929189742358,62.81153345401485
9号线漕河泾开发区,6,0.0,0.0,0.03571428530469187,0.0,0.03571428530469187,36.247529106770536,0.0,3142.58694389639,11403.327043296815,7976.515577746665,2236.03244923264,1560.0685686378954,1852.837872853952,1686.784555424042,1698.2091950033143,1818.973976327159,2199.7364490200916,6810.700348716333,7393.73458234431,3409.451019507773,2201.7414205574732,1413.186130554168,794.5269188213142,90.49780336395345
9号线漕河泾开发区,7,0.0,0.0,0.03571428530469187,0.0,0.03571428530469187,36.247529106770536,0.0,1200.6152059865599,11403.327043296815,2545.0348459842644,1359.9126407545218,1065.2546067504281,1563.9919717790117,1362.7069297275566,1145.0307282941124,1109.7194489148865,1516.8653859097885,3484.1020811403578,3536.7383276137116,1159.5653640618648,957.0019192385244,808.6896695787918,591.3180020172872,95.21613851844079
9号线漕河泾开发区,8,0.0,0.0,0.03571428530469187,0.0,0.03571428530469187,36.247529106770536,0.0,1123.1355800361434,11403.327043296815,2867.068617163888,1317.9220903489477,775.0840755186678,1332.162207223129,1333.1803352666525,945.6291341690226,880.914320761985,1403.8863970014481,3174.8815576490088,3089.658088821201,1705.8494123616947,1068.265585336675,732.8439538246776,465.16244528442826,67.34322802771715
9号线泗泾,0,0.0,0.0,0.0,0.0,0.0,139.24581905216945,0.0,0.0,0.0,2991.491174774654,2434.9450385330238,2282.4944539279672,2463.796625204289,2405.79978998642,2386.09116082819,0.0,2628.799029706837,2950.3155157889446,4534.782324280766,2655.514555896946,2058.0528312850092,1794.6748704725328,1581.171564590738,414.72440251318835
9号线泗泾,1,0.0,0.0,0.0,0.0,0.0,126.88329273775794,0.0,0.0,0.0,2998.725432605339,2255.5366199540385,2031.9141986196494,2212.5638699464853,2209.880271601538,2213.5230007763294,0.0,2567.868835673224,2879.082762306698,4311.350700392605,3117.078940324136,2235.564656514277,1480.9672351441259,982.7494758667056,265.92203672016683
9号线泗泾,2,0.0,0.0,0.0,0.0,0.0,105.00174580708932,0.0,0.0,0.0,3385.8965849334245,1918.0781428898194,1582.718369563273,1738.6340954103725,1959.6654103330352,1593.24147737864,0.0,2365.8570325285605,3952.02153645586,5411.8161407890975,5149.951665702398,3174.0010858761816,2371.8673624140233,1237.1001357939217,241.1245439283001
9号线泗泾,3,0.0,0.0,0.0,0.0,0.0,119.76226369234271,0.0,0.0,0.0,3555.886971975554,1606.7810853575584,1529.9386697596306,1649.147048383692,1592.9178044747296,1494.787758110667,0.0,2166.113270258695,4279.370464348203,5606.541666558567,6443.088096706508,3443.863317502626,2663.902259976755,1491.7376539704596,328.9286729104713
9号线泗泾,4,0.0,0.0,0.0,0.0,0.0,119.76226369234271,0.0,0.0,0.0,3672.1943025707515,1498.0416010307126,1713.4902157713473,1763.7912270716279,1489.4227779427983,1405.212847960297,0.0,2110.2910311702194,3919.6562832082946,5606.541666558567,5655.482883008124,3242.652951495649,2420.796712321232,1320.6528545024266,305.39894662842073
9号线泗泾,5,0.0,0.0,0.0,0.0,0.0,119.76226369234271,0.0,0.0,0.0,3789.3689803198668,1671.841237628209,1318.7749892311358,1589.7861422374763,1277.4711261815846,1124.1663305146067,0.0,2237.890433632146,3993.389915060874,5606.541666558567,6448.35181257037,3729.523535529088,2766.476441888348,1528.4743887742688,406.1325111051233
9号线泗泾,6,0.0,0.0,0.0,0.0,0.0,119.76226369234271,0.0,0.0,0.0,3492.6324020460615,2000.0457226181074,1511.7979905939292,1846.8653416531024,1701.946546184649,1575.5706880487055,0.0,2458.307926582273,3812.721438260547,5606.541666558567,5286.798894912281,3210.949397372472,2746.6539414642257,1932.3502788906578,511.5037886849782
9号线泗泾,7,0.0,0.0,0.0,0.0,0.0,119.76226369234271,0.0,0.0,0.0,3093.9150542914194,2240.8722250970113,2096.4548264523833,2304.108329229372,2026.0019427422899,2344.2036631166166,0.0,2615.1703898281817,2936.7269224883876,5606.541666558567,3264.830938935833,2262.4540716988167,1830.6174536589733,1643.2787814131186,427.96789267518443
9号线泗泾,8,0.0,0.0,0.0,0.0,0.0,119.76226369234271,0.0,0.0,0.0,3093.5557237600915,2217.006730746303,2074.90765578997,2223.83372830879,2178.9546303201537,2198.1101148600987,0.0,2597.2725269430457,2949.197645972152,5606.541666558567,2985.36939331979,2360.7571761408435,1648.7017690301518,1140.8595139088275,266.573620461411
10号线陕西南路,0,0.0,0.0,0.0,0.0,0.0,57.676153497754456,0.0,779.6857816226857,0.0,2916.156055504744,2323.741413220118,2424.4102433799867,2473.2142857142853,3037.357018347868,3230.224508405243,3402.26794063471,0.0,3994.5727203214956,3288.247394972367,0.0,2482.870306202071,2334.0297959574764,0.0,191.11678207741357
10号线陕西南路,1,0.0,0.0,0.0,0.0,0.0,54.02992991970399,0.0,1230.6809382818146,0.0,2195.5843540075875,2230.6571272525753,2391.358171599661,2473.2142857142853,2717.58453307525,3078.063919270014,3152.51236485342,0.0,3530.5831703634703,3185.2558845555322,0.0,2134.8982276529173,2018.2507569177842,0.0,103.15738864204394
10号线陕西南路,2,0.0,0.0,0.0,0.0,0.0,53.803334004822545,0.0,2615.0395051835258,0.0,3870.3475155807473,2443.735928001559,2370.975416132453,2473.2142857142853,2825.0825051220518,2773.4867508491825,2904.5561508291275,0.0,4112.242157532479,4936.340466948572,0.0,2030.0590206745142,1815.3921357203762,0.0,51.42177676167182
10号线陕西南路,3,0.0,0.0,0.0,0.0,0.0,54.11360864059948,0.0,3067.9602838563314,0.0,5041.540172140758,2732.896990974079,2364.7507215622236,2473.2142857142853,2810.048155571539,2535.5291515940157,2732.3949521522295,0.0,4515.709246638902,5799.49460035383,0.0,2224.014497439565,1962.5529894747265,0.0,46.50288654501104
10号线陕西南路,4,0.0,0.0,0.0,0.0,0.0,51.64290168502234,0.0,2612.3266095127256,0.0,5883.5525809885285,2670.457821742024,2364.7507215622236,2473.2142857142853,2747.6273083672663,2534.757979217262,2786.461891339944,0.0,4318.508507718821,5158.574628498292,0.0,2298.1796749079767,1826.6160963531547,0.0,57.79078845841863
10号线陕西南路,5,0.0,0.0,0.0,0.0,0.0,53.340419790151266,0.0,3122.8312058748434,0.0,5302.0080159851,2729.6561334241296,2364.7507215622236,2473.2142857142853,2760.6462513136307,2771.011462095862,3019.9870696499083,0.0,4569.102868355934,6189.769346572641,0.0,2318.389855067454,1912.0465517877751,0.0,104.01830449757537
10号线陕西南路,6,0.0,0.0,0.0,0.0,0.0,51.0279730425585,0.0,2283.2757287447657,0.0,3955.5121758247114,2633.901753206661,2364.7507215622236,2473.2142857142853,2760.6462513136307,3074.0300960544873,3271.3144464992497,0.0,4717.34635773401,5675.118107635626,0.0,2459.0381261047924,2134.537446699599,0.0,163.93313982614276
10号线陕西南路,7,0.0,0.0,0.0,0.0,0.0,52.06325671812365,0.0,1059.0412262927393,0.0,2757.0164111215163,2386.1357985063005,2364.7507215622236,2473.2142857142853,2760.6462513136307,3226.1544655978896,3363.056716521976,0.0,4081.5509924393828,3612.7095933720484,0.0,2470.8618822913577,2269.7903089221804,0.0,171.79821861980315
10号线陕西南路,8,0.0,0.0,0.0,0.0,0.0,51.096001710901376,0.0,1328.232377790102,0.0,2640.608453090971,2259.212685033226,2364.7507215622236,2473.2142857142853,2760.6462513136307,3118.6691324759545,3231.033998817367,0.0,3661.3496400788736,3163.372499831934,0.0,2219.5150345781685,2056.6374289836895,0.0,119.28636593324853
9号线商城路,0,6.175953343905841,0.0,0.0,0.0,0.0,29.28675355165814,341.02314159024235,917.6588659088311,1434.15656414762,3118.6938120454092,2058.0735152330335,2107.8303355720122,2677.9064480185834,2204.25,2302.618792643605,2305.824176414935,2626.198840217706,0.0,3484.106569416272,2281.8005946999597,2349.398184404933,1971.706097875273,1257.7217248260886,86.17155305383548
9号线商城路,1,5.884331952189961,0.0,0.0,0.0,0.0,30.337053297939754,287.9680139409605,1244.5300151969195,1701.1692456642022,3368.7842058935476,1922.9351464730714,2096.533591379494,2418.02347508317,2204.25,2411.641375927481,2364.40554161851,2469.176883973311,0.0,3534.337873397093,2228.929826692065,1895.2160643331354,1575.3766261814199,1069.3809729991935,61.146988762446796
9号线商城路,2,2.597654791561774,0.0,0.0,0.0,0.0,30.92497857254345,390.22872091036606,2187.2418428318115,9895.435293685157,4925.814060890694,1903.7907227968205,1951.3027447120257,2091.676419251572,2204.25,2274.947993518474,2297.3027680130135,2428.6828087596573,0.0,5697.1792379906765,2900.6853620938864,1986.4774652425494,1603.853565158106,921.8498367322585,27.581098580105262
9号线商城路,3,0.7120541347507645,0.0,0.0,0.0,0.0,30.92497857254345,448.2607736215901,2547.186870026432,11380.901016982327,5794.54214539474,1865.3358300515351,1915.144455031956,2023.6974621230402,2204.25,2400.6144445063996,2250.776781188838,2533.4250403266306,0.0,7331.053299935849,3338.6163159074604,2402.7443969889773,1833.9304105888014,1074.9320729523754,25.675594005378514
9号线商城路,4,0.8152554649360724,0.0,0.0,0.0,0.0,30.92497857254345,503.9187753144248,2269.5787710545856,8859.942282059601,5125.737579194454,2027.9827490092862,1830.215290260659,2027.8504763174737,2204.25,2222.2634954475584,2211.0195808401086,2703.6213522337966,0.0,6044.0631443941675,2940.6332406898946,2185.098114240178,1679.9135313778902,1074.9320729523754,27.048900669663468
9号线商城路,5,-0.6152418904313972,0.0,0.0,0.0,0.0,30.92497857254345,456.3139992536253,2688.914765058018,10792.672428514255,5493.977872036932,2074.8877831422014,1757.9279650712938,1728.6315721074066,2204.25,2137.2913931190647,2222.129431647136,2812.1850081917014,0.0,7042.522256438109,3417.8295406681245,2439.1234440096914,2022.744049163282,1074.9320729523754,56.34633528170332
9号线商城路,6,1.2244017776424663,0.0,0.0,0.0,0.0,30.92497857254345,382.5679541241128,2043.8694961592564,9180.256958122343,4801.125396874761,2159.1766712491167,1795.169424803279,1984.532598106061,2204.25,2137.2913931190647,2245.1185502006774,2779.5909075930854,0.0,6205.55092011574,3236.46007882132,2689.7614492258117,2272.475957957662,1074.9320729523754,87.64502521219632
9号线商城路,7,4.392316774144643,0.0,0.0,0.0,0.0,30.92497857254345,309.3532872246212,1160.2167578384424,1710.0894793688312,3432.1537336661277,2075.3944052951315,1920.6214122251727,2382.9704264798984,2204.25,2137.2913931190647,2269.30562452115,2632.0934888973065,0.0,4088.6662767600537,2483.6533605023424,2467.5041287096446,2051.984370810391,1074.9320729523754,92.88870986018881
9号线商城路,8,4.864005772690754,0.0,0.0,0.0,0.0,30.92497857254345,311.39174731391347,1317.2614492392695,1883.852180148524,3351.5464298060742,1994.6538544247003,1974.2423580481523,2369.9832840346735,2204.25,2137.2913931190647,2274.1139861992137,2480.696893934052,0.0,3425.422440473125,2222.8689747226654,1966.7525116764527,1674.0018268130525,1074.9320729523754,65.0844773195189
10号线豫园,0,6.534646580854123,0.0,0.0,0.0,0.0,0.0,383.90508280156575,919.7961437564181,1666.0693149093427,2561.588684417198,2609.857142857143,2399.2857142857138,2547.4285714285716,2998.642857142857,0.0,3907.3121079673706,3432.3185998769177,3880.8571428571427,2666.211094414957,1864.050302893873,1445.2415563389354,1116.607142857143,531.3570282931378,55.16142820976319
10号线豫园,1,6.88598542673769,0.0,0.0,0.0,0.0,0.0,369.1176214587911,691.144439040882,1603.5627204983523,2417.0227508587946,2609.857142857143,2399.2857142857138,2547.4285714285716,2998.642857142857,0.0,3469.596604641378,3031.2974263924257,3880.8571428571427,2439.8445406040983,1715.741034980109,1424.1146473409367,1116.607142857143,428.385705954186,15.986381026293058
10号线豫园,2,4.00577307922587,0.0,0.0,0.0,0.0,0.0,368.01895605697666,1381.1287562770997,5006.093451964836,3339.8061000650937,2609.857142857143,2399.2857142857138,2547.4285714285716,2998.642857142857,0.0,2813.0776361975677,3293.2083321611162,3880.8571428571427,3208.5395997531205,1715.741034980109,1413.4258801198084,1116.607142857143,439.9353853047975,-0.263214425952909
10号线豫园,3,2.059472029303852,0.0,0.0,0.0,0.0,0.0,398.6675515241499,1698.7787127988195,5713.440907820481,4003.9879282684205,2609.857142857143,2399.2857142857138,2547.4285714285716,2998.642857142857,0.0,2748.9106120281667,2951.060550135211,3880.8571428571427,3573.795603807949,1715.741034980109,1408.0180968648942,1116.607142857143,485.32333341693635,8.917220106872392
10号线豫园,4,1.5139422400452371,0.0,0.0,0.0,0.0,0.0,451.1160578478413,1564.843056496717,4571.4755012405985,4026.1135154190733,2609.857142857143,2399.2857142857138,2547.4285714285716,2998.642857142857,0.0,2895.6091857410956,3087.442057347138,3880.8571428571427,3465.087992332459,1715.741034980109,1405.282129364889,1116.607142857143,479.6698696208203,1.5236518803746861
10号线豫园,5,0.13319253577926826,0.0,0.0,0.0,0.0,0.0,485.7625359982606,1697.8137200907543,5245.186947347307,3934.8827549005,2609.857142857143,2399.2857142857138,2547.4285714285716,2998.642857142857,0.0,2289.4219143192186,2965.808250604988,3880.8571428571427,3763.568738975231,1715.741034980109,1403.8979174229103,1116.607142857143,498.33954505233373,7.811304833863012
10号线豫园,6,1.3537677207491106,0.0,0.0,0.0,0.0,0.0,483.92622571842986,1608.8121217391101,4617.01978043789,3442.3518448148507,2609.857142857143,2399.2857142857138,2547.4285714285716,2998.642857142857,0.0,2683.1477719782815,2965.808250604988,3880.8571428571427,3715.5494224249305,1715.741034980109,1403.197601099594,1116.607142857143,531.8489856060512,47.51009056417407
10号线豫园,7,3.9095513464214404,0.0,0.0,0.0,0.0,0.0,455.2900307124157,988.3694577681792,1515.4567757137156,2626.171855068731,2609.857142857143,2399.2857142857138,2547.4285714285716,2998.642857142857,0.0,3494.0982380626792,2965.808250604988,3880.8571428571427,2991.6518000551923,1715.741034980109,1402.8432890626655,1116.607142857143,500.0169701260887,56.24208844001383
10号线豫园,8,4.835478300151167,0.0,0.0,0.0,0.0,0.0,424.9362279645624,797.7243923947024,1609.839314798095,2506.4491480280303,2609.857142857143,2399.2857142857138,2547.4285714285716,2998.642857142857,0.0,3330.5791933265227,2965.808250604988,3880.8571428571427,2685.914778147875,1715.741034980109,1402.6640314681574,1116.607142857143,448.8456749688688,18.08449040508254
2号线广兰路,0,75.00276141164417,0.0,0.0,0.0,0.21428571192490495,0.0,0.0,0.0,1435.569845265746,2705.631433388005,1769.4434703671836,1648.101943928215,1710.830124985235,0.0,1613.5920610131611,1558.9913909693687,1940.426285102172,2641.4358376227847,3304.147439159808,2073.944037216997,1445.0348317849234,1385.1361837681848,1469.152555288573,513.3850120738923
2号线广兰路,1,53.138627330983006,0.0,0.0,0.0,0.21428571192490495,0.0,0.0,0.0,3588.8506065671972,2928.5842512507625,1821.3281392573854,1551.111099459423,1628.337554393686,0.0,1603.427474952867,1597.2017479974372,1877.2044326905411,2565.1973514254196,3603.1902918167107,1642.5205867107936,1515.7749815802745,1247.9748575144854,1146.148154075908,399.7704877899602
2号线广兰路,2,-2.005670381540135,0.0,0.0,0.0,0.21428571192490495,0.0,0.0,0.0,10173.530149369308,4598.072475223129,1741.3936674469733,1230.4254302557833,1587.0931209148928,0.0,1447.6835055382317,1436.2044544158982,1733.623956719244,4917.844972919626,6212.992618534514,3894.099871549007,2334.1595316419643,1626.0808004302448,1123.6923676968543,365.8866402340831
2号线广兰路,3,-4.144662397170649,0.0,0.0,0.0,0.21428571192490495,0.0,0.0,0.0,13079.009409121256,5355.884931757746,1586.3211466622006,1146.3563775098455,1579.6915091643075,0.0,1258.0572861362964,1422.1710838778126,1670.161054476108,4947.723248256307,7756.400789105452,4695.435025089178,2849.562545237689,1886.0131356981465,1018.9532980832178,264.831583726692
2号线广兰路,4,7.546904876683293,0.0,0.0,0.0,0.21428571192490495,0.0,0.0,0.0,10351.30038604468,5084.995922959482,1446.3604345155927,1184.9056667684845,1484.73786821117,0.0,1170.5351574667707,1369.142924102094,1732.3099808298507,3709.007214793684,6769.883304462084,4476.410196218287,2683.1609564842674,1829.8741092303703,1151.0448689875664,255.1734916571532
2号线广兰路,5,-9.84857083658357,0.0,0.0,0.0,0.21428571192490495,0.0,0.0,0.0,13076.149720880203,5534.286108392593,1393.9151030571966,1257.77775437623,1503.2215484591327,0.0,1247.873006036543,1443.9598866122053,1874.5567538294242,4574.750235609765,7972.979903589923,4879.087520357658,2890.4353371688503,2027.3214893179552,1343.4798343825273,404.8937557663055
2号线广兰路,6,13.612918481588004,0.0,0.0,0.0,0.21428571192490495,0.0,0.0,0.0,9451.658219592344,4600.588803810297,1447.1817139703553,1426.28585607472,1503.2215484591327,0.0,1434.5984878192705,1464.2878347308792,1993.706117428364,4774.175883027272,6591.040888966261,3904.1520708344005,2466.716314962121,1975.743726792094,1454.3485422573033,525.0801460813873
2号线广兰路,7,67.24738714237327,0.0,0.0,0.0,0.21428571192490495,0.0,0.0,0.0,2923.359624421999,2968.632336373117,1566.43866665417,1554.4852728533815,1503.2215484591327,0.0,1596.7998365347025,1513.0552556265543,2003.7442213203242,2735.6526393398553,3920.8441786279363,2002.5226905215695,1590.6204704640695,1459.1201307084739,1402.784213160668,528.6792462361509
2号线广兰路,8,50.12112305882681,0.0,0.0,0.0,0.21428571192490495,0.0,0.0,0.0,3088.675991601671,3028.446022082453,1681.384527420466,1486.1185554567307,1503.2215484591327,0.0,1618.1618243263592,1487.4623255983124,1897.9295740435205,2712.7533459829683,3606.333581161307,2168.4761141257213,1474.9936284905634,1265.5540061482861,1227.934660539197,458.59171610368423
8号线虹口足球场,0,18.707113451986416,0.0,0.0,0.0,0.03571428368238581,98.62144010572604,598.557683300625,1082.1973150658075,2012.826578597678,2036.0948908182745,2396.1974762442896,2863.478048339401,3324.4038653685757,3671.040985966466,0.0,0.0,0.0,4673.471918111741,5211.357328959126,3567.1094960781797,2834.170901587434,2247.5357142857138,864.6428571428571,180.6965380739873
8号线虹口足球场,1,17.86838483143443,0.0,0.0,0.0,0.03571428368238581,73.20381472792224,502.4311708866585,812.2741641647292,2466.4122444296536,2200.7879891355224,2210.624755001409,2632.377963352918,3055.8786697456817,3222.621539191472,0.0,0.0,0.0,4551.46730286314,4408.560304086299,2931.879449007005,2433.0560955941446,2247.5357142857138,864.6428571428571,90.75574220828352
8号线虹口足球场,2,6.006483700337316,0.0,0.0,0.0,0.03571428368238581,68.97788277814622,562.6029677845319,1918.3408065580597,4360.641184452625,2739.7447114267634,1905.8639773290452,1876.7472386937677,2667.0904238292997,2230.0241325955994,0.0,0.0,0.0,4551.46730286314,4923.612015491416,3401.4062790363214,2327.421241703273,2247.5357142857138,864.6428571428571,52.26716797422772
8号线虹口足球场,3,-0.6467351966531645,0.0,0.0,0.0,0.03571428368238581,92.84106540841167,562.6029677845319,2668.828676293323,5378.155634682034,3225.7981955271825,2074.7813647232156,1901.6589759729568,2415.9619896178165,2249.5195594130055,0.0,0.0,0.0,4551.46730286314,4923.612015491416,3143.468568764243,2216.56294983297,2247.5357142857138,864.6428571428571,52.28331597085172
8号线虹口足球场,4,1.4830333492118122,0.0,0.0,0.0,0.03571428368238581,88.53641233066053,562.6029677845319,2398.648246011018,4725.604955350591,3099.0642154881116,2327.1698854947845,1941.5740067057618,2414.776187509412,2338.6090340517712,0.0,0.0,0.0,4551.46730286314,4923.612015491416,3081.3905201470025,2180.7006896554267,2247.5357142857138,864.6428571428571,56.098882648454406
8号线虹口足球场,5,-2.610606620231298,0.0,0.0,0.0,0.03571428368238581,69.55439250692429,562.6029677845319,2473.729894641957,5572.896905573443,3154.8060550132013,2032.320108166888,1545.68054900681,2102.5044303896466,2300.9161219922635,0.0,0.0,0.0,4551.46730286314,4923.612015491416,3174.590149386002,2389.057359084951,2247.5357142857138,864.6428571428571,103.64686911374508
8号线虹口足球场,6,3.273918145052752,0.0,0.0,0.0,0.03571428368238581,75.78883794251442,562.6029677845319,2288.130140842048,4438.768252051772,2695.24069402663,1988.3224221390692,1931.446188313595,2539.284389416168,2863.692533114872,0.0,0.0,0.0,4551.46730286314,4923.612015491416,3174.590149386002,2551.825461054844,2247.5357142857138,864.6428571428571,171.81437148121347
8号线虹口足球场,7,15.38942479821828,0.0,0.0,0.0,0.03571428368238581,89.95070008386126,562.6029677845319,1200.9599930471877,2453.367925534423,2254.2045230933345,2314.3903166439336,2826.3756907926972,2923.154047108129,3308.1513142789463,0.0,0.0,0.0,4551.46730286314,4923.612015491416,3174.590149386002,2561.709694364347,2247.5357142857138,864.6428571428571,172.50089431451968
8号线虹口足球场,8,16.950661022832573,0.0,0.0,0.0,0.03571428368238581,80.51121262372597,562.6029677845319,768.2974561593846,2360.228054337682,2255.1597702595554,2243.9159124935686,2653.9980311135014,2977.2107711270446,2971.7660130247705,0.0,0.0,0.0,4551.46730286314,4923.612015491416,3174.590149386002,2519.9847024036167,2247.5357142857138,864.6428571428571,107.28399435414809
1号线彭浦新村,0,32.76074131633801,0.0,0.0,0.0,0.03571428530469187,476.45328348502346,0.0,2369.8465602764663,2718.987919195708,2654.2212768293393,2340.344846656463,2122.815159607348,2389.3286510859816,2291.636697374347,2253.3333660943867,2469.450385350268,2695.77518803122,2906.3825686317314,2760.26902811661,2095.4447971376344,1990.387136949097,1903.0906135564258,0.0,381.38779323788077
1号线彭浦新村,1,26.842491343566557,0.0,0.0,0.0,0.03571428530469187,439.1334913545008,0.0,2115.77774062762,2953.7936291925685,2621.533542804332,2290.0200673509717,1923.6936283698265,2293.5005782074463,2236.795835713882,2013.5057410555044,2421.5028570547715,2224.8757386710386,2720.9007968935375,3276.3785252328253,2350.478604174584,1788.2905974226478,1701.6231880268047,0.0,236.33092000066983
1号线彭浦新村,2,6.920073221153423,0.0,0.0,0.0,0.03571428530469187,415.94484584137524,0.0,5450.864846996379,5374.998785136475,3193.1139792639606,2229.0362124650605,1594.8415415881414,2136.5179663467065,1989.682938411777,1759.3766871952093,2182.282131272328,2544.433841879733,4119.915967888098,4922.787278588779,3029.4396994985236,1931.8986486949607,1632.1623765751392,0.0,209.2393828902818
1号线彭浦新村,3,-2.344544587705485,0.0,0.0,0.0,0.03571428530469187,409.45604539764076,0.0,6270.983389911701,6342.384851878513,3489.6127996690993,2022.8021064025675,1610.7969869825824,1946.9532524303986,1726.47770850957,1768.9335166359351,1981.2892066686031,2836.778837086019,5030.3049794269755,5388.40786351713,3545.725333848608,2023.2322875333402,1634.2646540211886,0.0,187.72853187911443
1号线彭浦新村,4,3.3335286291594706,0.0,0.0,0.0,0.03571428530469187,404.00725026291803,0.0,5832.065350043817,5482.20516335347,3525.495178131532,1925.0705745276618,1821.5906450599368,1859.272498946771,1634.4533224574982,1832.5166772002435,1955.758976435594,2658.261593596707,4713.441248940802,5124.07235709327,3319.2246853317647,1962.0535343889342,1621.4122371697872,0.0,149.3526932356196
1号线彭浦新村,5,-5.479017605729943,0.0,0.0,0.0,0.03571428530469187,399.43177153189225,0.0,6522.431367939965,6085.10960398156,3721.4032802011616,1895.934435830576,1694.1899896164477,1935.0956329675184,1778.7303926480513,1869.5847141930403,2123.8854559003394,2801.701624961247,4753.515370881178,5708.3208197717595,3830.6938640548196,2054.774091981386,1698.2594008036885,0.0,238.5949289586718
1号线彭浦新村,6,7.750394616577374,0.0,0.0,0.0,0.03571428530469187,395.589636692823,0.0,5125.517179918622,5311.451272301061,3457.0874361213228,1974.696916277107,1740.7840155035738,2119.8975673309697,2056.1967268729686,2037.25193269507,2365.820086574133,3082.779334026585,4316.7783844494825,4662.444819210743,3202.0531994196463,2156.6280083973825,1812.0121112186994,0.0,374.27595823953436
1号线彭浦新村,7,27.41514906238949,0.0,0.0,0.0,0.03571428530469187,392.3633076047889,0.0,2392.3059123281555,2963.688921759167,2891.1038159579675,2066.3899520015293,1981.4180150610273,2282.2106250638144,2269.198429989584,2166.889153881338,2509.1054940935637,2658.8305528828632,3007.054529670917,3035.0829451727714,2397.565065715751,2041.7242368606562,1828.3403733841055,0.0,373.0512031685843
1号线彭浦新村,8,25.962532486001862,0.0,0.0,0.0,0.03571428530469187,389.65408478458806,0.0,2826.0575674273596,2874.1121822103305,2786.3551132507246,2133.828690064264,1918.416009590107,2307.147468833675,2266.3385158237434,2012.5298576048071,2451.607645009072,2203.1678965926662,2734.7435390109076,3336.8601281723186,2263.0188942805944,1926.6407457494483,1766.5216410301464,0.0,280.1285072159236
3号线上海南站,0,0.2142857142857143,0.0,0.0,0.0,1.2657707804480542,373.0059287526136,0.0,2579.8469189790153,0.0,3297.193379480424,0.0,2203.044952811779,2821.8998973532134,2802.036112127882,0.0,3052.306942086962,0.0,3307.5278423592363,3713.054637584746,2595.436933846469,2250.086040315321,1616.7039624143229,1045.0105469916684,159.96234955267312
3号线上海南站,1,0.2142857142857143,0.0,0.0,0.0,1.2854947467326205,317.502438515184,0.0,2364.339696222374,0.0,2853.204166667368,0.0,2133.645981502128,2506.3072846058703,2709.989443379048,0.0,3210.131136442965,0.0,3607.5249592681894,3683.653022257904,3125.8563640797056,2319.1962374011136,1708.7314839081987,846.0379498594557,124.09730764685881
3号线上海南站,2,0.2142857142857143,0.0,0.0,0.0,3.4497501551807854,338.93257102724215,0.0,4596.561067460142,0.0,2891.7520755797013,0.0,2020.0862446395677,2235.417406565661,2215.478440042593,0.0,2417.907582124234,0.0,4185.343924940509,4466.537692580972,3259.436987549896,1946.134612044852,1463.4157399045434,815.0453256807168,120.67676874507129
3号线上海南站,3,0.2142857142857143,0.0,0.0,0.0,3.491165372301106,338.1009674929148,0.0,5311.3443545149385,0.0,3338.8566731645105,0.0,1931.9555513575492,1933.2676717858317,1761.3009224356097,0.0,2039.9732855304537,0.0,3896.520763089593,4884.171909906446,3152.527264213564,1760.3483074103142,1285.4536653486057,692.987630165635,137.00698584122716
3号线上海南站,4,0.2142857142857143,0.0,0.0,0.0,6.147801038076402,338.1009674929148,0.0,5201.795599494866,0.0,3338.8566731645105,0.0,1873.7446272964294,1895.1757199860347,1633.2323428517584,0.0,2135.104303474556,0.0,4268.292368967561,4593.687748311293,2858.000256317009,1913.6345433821516,1517.8488623752892,779.4067098504779,135.20144177414278
3号线上海南站,5,0.2142857142857143,0.0,0.0,0.0,6.199233636492718,338.1009674929148,0.0,5651.0550716627085,0.0,3338.8566731645105,0.0,1941.8463836671158,2256.6235861786718,1949.6527686583554,0.0,2377.683000110518,0.0,4692.525360682034,5702.181077678522,3229.505931120686,2040.2933342501515,1402.2112094784316,937.5477927520219,152.76760799794272
3号线上海南站,6,0.2142857142857143,0.0,0.0,0.0,8.956572463665067,338.1009674929148,0.0,4734.60174517866,0.0,3338.8566731645105,0.0,2087.100457351341,2667.5396478792063,2465.558225079083,0.0,3160.19085763071,0.0,4228.148967826497,5384.772201705175,3238.640513291113,2347.651947336297,1767.1679971189417,983.0940097593043,164.20544894939866
3号线上海南站,7,0.2142857142857143,0.0,0.0,0.0,8.998690752283451,338.1009674929148,0.0,2849.2474702470454,0.0,3338.8566731645105,0.0,2164.7909826525038,2799.959117559707,2812.330134738587,0.0,3196.130981281294,0.0,3798.341207500189,4531.5927549375965,2928.8625965402643,2340.7300354494528,1639.5894367709893,989.6170167454334,152.40230204872705
3号线上海南站,8,0.2142857142857143,0.0,0.0,0.0,11.52188605573222,338.1009674929148,0.0,2846.814578719698,0.0,3338.8566731645105,0.0,2130.020750105409,2602.3955739518815,2732.886723633228,0.0,3103.992104874973,0.0,3784.7196258545437,4306.582856421838,3067.8331456511805,2166.7050818061343,1636.9098659198416,917.6387012772798,134.96827035065274
2号线东昌路,0,28.75537109159118,0.0,0.0,0.0,0.03571428406716224,0.0,0.0,822.9451010624762,1989.3962957869157,2442.7654762487928,1751.7745009056125,1670.5277576967037,0.0,2130.5714285714284,1978.8928571428569,1970.026364106638,2282.2098064645174,2534.361058641204,2055.0157411330692,1221.2041133806633,1311.9788748185115,1322.3231137192029,925.6601125767866,186.07125532733426
2号线东昌路,1,20.666281815909255,0.0,0.0,0.0,0.03571428406716224,0.0,0.0,1522.5225270633746,3002.5240486033763,2692.736932002381,1649.0178676534542,1506.0150627106254,0.0,2130.5714285714284,1978.8928571428569,1786.5973920261026,2087.784692712792,2783.238793579003,2632.3080593804953,1441.2264906765909,1392.1673819708103,1224.1009865650585,763.5516494059552,114.29283803168903
2号线东昌路,2,1.4627078730899612,0.0,0.0,0.0,0.03571428406716224,0.0,0.0,3211.4681073024285,8195.075257557954,4335.102600391014,1959.8602818100744,1649.6031892099768,0.0,2130.5714285714284,1978.8928571428569,1943.7738155877169,2674.560139699388,4880.225127605398,5494.986762097269,3059.881232410316,1818.1335768901308,1488.139299041765,904.7763187817295,83.54846414592271
2号线东昌路,3,-1.4206069393376737,0.0,0.0,0.0,0.03571428406716224,0.0,0.0,3957.3243555138533,11158.307072175929,5213.374292531162,2211.070471348647,1840.4010778036481,0.0,2130.5714285714284,1978.8928571428569,1951.8412141064707,2702.030059501095,6072.621610641287,6876.488125824897,3026.4216661357805,2108.7380028473362,1587.9909445754338,999.6010085732443,106.76557411961886
2号线东昌路,4,5.771095301645779,0.0,0.0,0.0,0.03571428406716224,0.0,0.0,3435.0555687789874,8955.153575351786,4836.340210921877,2197.7342752986538,1881.0173254783458,0.0,2130.5714285714284,1978.8928571428569,2006.7830270024506,2458.601921223062,5383.778961727219,5841.5733023064,2674.1646020783396,1884.2749368127133,1524.4138390201442,911.4861011199916,123.81896399873705
2号线东昌路,5,-2.2789039171713448,0.0,0.0,0.0,0.03571428406716224,0.0,0.0,4166.27017146804,11191.238115091719,5279.558583825163,2288.569543259699,1909.844234235828,0.0,2130.5714285714284,1978.8928571428569,2194.2564513738093,2786.259493650221,6055.950247188532,7080.1012861215495,3349.9341314210615,2093.9266893369677,1589.3927111105859,973.5119348672471,156.34666098144822
2号线东昌路,6,3.3877533275278537,0.0,0.0,0.0,0.03571428406716224,0.0,0.0,2907.017793238376,8456.885090025666,4338.792753277525,2184.223791736765,1892.1482181398187,0.0,2130.5714285714284,1978.8928571428569,2201.967957996746,2901.6071089435527,4992.924452575346,5541.998840898923,2860.1185775301815,1880.8080495298946,1564.2756900271456,1075.5744546849687,191.6865074584079
2号线东昌路,7,23.373708946777562,0.0,0.0,0.0,0.03571428406716224,0.0,0.0,1318.8258783733963,3111.3964765882847,2714.5782968021795,1840.1272324364945,1741.9233768252798,0.0,2130.5714285714284,1978.8928571428569,2031.9191185368143,2387.7603199527302,2890.136397303788,2673.678066285873,1362.4192011217087,1466.0713794003423,1338.4022999656786,904.3656527255522,172.27383876087316
2号线东昌路,8,22.934102675074598,0.0,0.0,0.0,0.03571428406716224,0.0,0.0,1559.8028399969553,2482.5761971288885,2715.8474715152333,1699.3787523729916,1616.9363227522454,0.0,2130.5714285714284,1978.8928571428569,1911.2760046376993,2250.1974017903717,2749.3496571192954,2598.1066736132707,1631.0026846186147,1374.4857524771505,1281.874944756426,764.6419851544485,112.20771327947256
7号线长寿路,0,10.526187902274188,0.0,0.0,0.0,0.0,0.0,367.5214684740565,943.5766067522238,0.0,2691.372036894521,2079.8344373828986,2068.3434527733652,2398.088130501022,2620.59902599487,2717.927827355171,2634.3394163490166,0.0,3590.6757021502126,3034.423235253907,2059.6951146697666,0.0,1964.2726856881973,1290.1000885815477,117.53951154138355
7号线长寿路,1,11.302736173357024,0.0,0.0,0.0,0.0,0.0,412.20376260627177,932.7081148340875,0.0,2547.3076531430597,1936.5294047417276,1985.036809644098,2282.206761987458,2448.6327675554353,2540.546592350277,2554.555470571082,0.0,3612.85740047288,3128.8998907874466,1905.1111073709221,0.0,1827.540062776419,992.9120077944749,53.05699440318795
7号线长寿路,2,1.5536631675135248,0.0,0.0,0.0,0.0,0.0,755.8898809831142,2353.7990893667657,0.0,4403.856661683765,2396.7957334740804,1942.423938985859,2202.919000653166,2448.6327675554353,2435.348250389653,2520.288015688916,0.0,4502.884938771633,4526.2195826035095,2901.831496484746,0.0,1552.192792214977,985.1818364570627,35.02120583305777
7号线长寿路,3,-1.3412340555763156,0.0,0.0,0.0,0.0,0.0,870.0924447886039,2686.4733591839995,0.0,4978.749187200004,2682.051550011889,1844.6308308566167,2178.392518116463,2448.6327675554353,2412.7534423270295,2514.92703669263,0.0,5112.200872834905,5842.42315690891,3077.3181997530723,0.0,1845.3760267699588,1053.9261224209604,64.44686984115279
7号线长寿路,4,1.3630284390685938,0.0,0.0,0.0,0.0,0.0,857.6456959330549,2496.2214799771737,0.0,4865.860721145687,2461.4189074615297,1826.0787821335412,2199.2045927059967,2448.6327675554353,2438.5246254769677,2522.8615454563037,0.0,4631.977922021137,5013.4569664925475,2703.3345005762703,0.0,1845.3760267699588,938.7100598472907,23.480763465539408
7号线长寿路,5,-0.9632025066542305,0.0,0.0,0.0,0.0,0.0,978.8364252297172,2800.1350659392515,0.0,4963.815874430652,2348.1906301853296,1930.9374987847073,2241.5608706629987,2448.6327675554353,2474.2044460677625,2533.7012271195467,0.0,5020.244308033882,5934.501255302765,3113.793848403416,0.0,1845.3760267699588,1145.0955755196555,35.28256335689019
7号线长寿路,6,0.32649305532825856,0.0,0.0,0.0,0.0,0.0,826.9754580292454,2242.6282575252044,0.0,3878.894678366052,2385.728956536328,2048.948858409573,2281.526691995893,2448.6327675554353,2497.5636647128426,2542.3651524917695,0.0,4677.90182169221,5113.3489003246705,3128.3661142009137,0.0,1845.3760267699588,1333.271187575234,126.78646047013885
7号线长寿路,7,9.952946166371609,0.0,0.0,0.0,0.0,0.0,517.8436081910065,1028.181971907918,0.0,2730.892058108361,2125.7479226687065,2090.67394511434,2304.385075128693,2448.6327675554353,2504.2729438198435,2547.478751787549,0.0,3833.766991979428,3544.1017497105986,2069.042726298579,0.0,1845.3760267699588,1229.8931490291545,129.8807497449911
7号线长寿路,8,11.57017974741322,0.0,0.0,0.0,0.0,0.0,499.65118994343015,1165.2491787913646,0.0,3297.8305457626475,2006.9051418101744,2039.265446543203,2307.1690694345034,2448.6327675554353,2500.216090909067,2549.5842918952176,0.0,3650.2492100065665,2920.4405282127027,1907.3541683817111,0.0,1845.3760267699588,1076.3794990277693,47.08896897974725
9号线桂林路,0,0.0,0.0,0.0,0.0,0.0,44.57142857142857,0.0,971.8520387515055,2080.2412720464195,3400.377124188177,1696.7170551825511,1441.7912121456588,1779.7679485792191,1885.9028179111474,1736.942067990185,1721.9053431638663,1820.8373572430085,2965.8507440619296,2848.3771194371475,1530.7244179825152,1419.6985395367851,1176.490551296728,671.0721442791935,134.85560696193326
9号线桂林路,1,0.0,0.0,0.0,0.0,0.0,44.57142857142857,0.0,1302.367933519572,2395.898888253425,3076.918385338313,1487.2746471510209,1300.8477465910687,1777.7110033226334,1844.3473142743132,1672.8885539890182,1496.036883215894,1585.4582978163103,2538.35772399933,2762.557366254976,1286.2528386522215,1104.8739501703235,1024.10240695843,450.29958604670713,71.24378471181247
9号线桂林路,2,0.0,0.0,0.0,0.0,0.0,44.57142857142857,0.0,2926.9578144252573,7550.248945067589,5346.875340370407,1933.2788978636945,1444.0898470613856,1818.8206654526878,1818.2479457805114,1672.7044390791957,1653.152615269622,2212.431614454972,4118.792002551183,5088.714481323517,3175.964460240436,1767.7912363406822,1501.0693233384172,655.9267559650543,50.15493789445907
9号线桂林路,3,0.0,0.0,0.0,0.0,0.0,44.57142857142857,0.0,3811.30544348707,10612.176122025357,6664.296508083564,2124.819462974945,1643.1239762593852,1770.1074104351871,1809.567125899193,1701.265460231135,1795.6916162879402,2485.933460680424,5392.762032839006,6834.331603886267,3625.969769703576,2090.310245398939,1789.9165929514538,862.5999973702209,58.38007244634758
9号线桂林路,4,0.0,0.0,0.0,0.0,0.0,44.57142857142857,0.0,3489.725088909883,8983.419507139988,6429.996075671179,2013.8064494960272,1722.0275326462602,1770.1074104351871,1811.865763097391,1729.2518856351833,1842.7483859005415,2319.0923045178015,5255.382961106228,6052.908650879361,3500.0692652509415,2244.679875936588,1757.7028124569702,857.5547046950818,54.388411752044476
9号线桂林路,5,0.0,0.0,0.0,0.0,0.0,44.57142857142857,0.0,4233.329251583807,10478.903710248424,6868.199597322129,2064.2440065985247,1704.775281514077,1770.1074104351871,1817.842841207344,1743.7789552097133,1954.390006759792,2517.396377678473,5615.513255427779,7131.704511047221,3996.51772972,2444.9527676328917,1995.591022568376,986.6554967674269,78.62369459236336
9号线桂林路,6,0.0,0.0,0.0,0.0,0.0,44.57142857142857,0.0,3310.517922168823,8339.569414011543,5923.79700555903,2090.856984939316,1588.7794000434296,1770.1074104351871,1822.8796693094012,1745.4141997091938,1967.6325764136081,2559.718752318785,4936.723938491477,6009.4589332153555,3118.5072347745754,2092.468198229512,1772.5880380606195,1049.5424133948927,128.82701266025123
9号线桂林路,7,0.0,0.0,0.0,0.0,0.0,44.57142857142857,0.0,1613.071902359974,3035.921894647283,3618.5964013862067,1684.379246974182,1416.2615957355924,1770.1074104351871,1825.4177053066599,1740.4935001169383,1765.0395951974465,1941.390004256069,3187.3303419758977,3414.0108791273324,1544.530918225818,1550.436035162566,1190.8939007527797,703.9430720611764,127.0766053104071
9号线桂林路,8,0.0,0.0,0.0,0.0,0.0,44.57142857142857,0.0,1419.6936877855405,1997.2774244998618,3281.4031840161006,1558.109995594903,1348.0134176089541,1770.1074104351871,1825.8412789555948,1734.9522926947516,1590.8507285269218,1689.725303706002,2655.8559717100998,2687.8831941655408,1774.8009596173079,1501.2317396996425,1104.1892377803197,454.81373774899544,80.72833056737578
10号线南京东路,0,0.0,0.0,0.0,0.0,0.8164828747967084,0.0,367.68950545866693,674.4035608104887,1512.7972027963924,2170.610636505718,0.0,1982.3214285714284,2148.406708588926,2538.9642857142853,3045.3399320348367,3391.295378140766,3696.393240636569,4366.974605260737,0.0,3327.793420698273,2987.690167536055,2320.0048251375038,1809.50736724191,163.0144902175459
10号线南京东路,1,0.0,0.0,0.0,0.0,0.004255074362749654,0.0,330.9416466529187,905.9480958689737,1784.9804376483821,2016.587310121807,0.0,1982.3214285714284,2140.9825065823666,2538.9642857142853,2606.4242812026646,3344.874588773116,3427.7931059941675,4170.548194530356,0.0,3040.979063570728,2677.700520193755,2095.8322267649023,1314.6936360577226,93.08159498919531
10号线南京东路,2,0.0,0.0,0.0,0.0,0.6721602818569433,0.0,441.415154264061,1826.1858334533194,4986.798269244861,4077.4808944942515,0.0,1982.3214285714284,2147.4166433979585,2538.9642857142853,3026.8635832218147,2915.926859007166,2984.8933634782443,4217.8461823709695,0.0,2661.866166648754,2184.802821895205,2095.8322267649023,875.6514160209374,46.36399035273854
10号线南京东路,3,0.0,0.0,0.0,0.0,0.012292271885412966,0.0,499.16072627214476,2215.871374077694,6229.656398374997,4648.539708420668,0.0,1982.3214285714284,2120.6345977628907,2538.9642857142853,2821.7919322169,2415.1765419150915,2901.0680852646,4373.258641127628,0.0,2476.06443423001,1867.3440970224078,2095.8322267649023,981.7440374197223,80.03989862472909
10号线南京东路,4,0.0,0.0,0.0,0.0,0.5585087064761483,0.0,547.2060892928578,1916.2551087886732,5014.118985506704,3899.183727321324,0.0,1982.3214285714284,2117.797620972223,2538.9642857142853,2826.977648518195,2205.3551565462685,2955.2355428224073,4373.258641127628,0.0,2621.9512959080885,1963.3834834742179,2095.8322267649023,1267.8243155690475,79.42523178319038
10号线南京东路,5,0.0,0.0,0.0,0.0,0.0223033983916352,0.0,521.1292422026024,2274.246092742612,5827.176277584322,4161.927596309176,0.0,1982.3214285714284,2107.6470700301707,2538.9642857142853,2666.1497238327397,2438.4473758312024,2771.70017684943,4373.258641127628,0.0,2987.6359952636794,2398.4989125552606,2095.8322267649023,1449.8649195693615,95.72316799309522
10号线南京东路,6,0.0,0.0,0.0,0.0,0.46889027677804496,0.0,440.26369483417625,1765.4231294106066,4996.919414729946,3925.118824891293,0.0,1982.3214285714284,2115.3806940955737,2538.9642857142853,2666.1497238327397,2945.6005287629005,3008.9968417037235,4373.258641127628,0.0,3296.74871614311,2843.4167470232283,2095.8322267649023,1611.9485229607808,154.68682353106988
10号线南京东路,7,0.0,0.0,0.0,0.0,0.033083704470181496,0.0,364.34167088274455,914.9585720852101,1821.9650507188526,2295.1006291241206,0.0,1982.3214285714284,2116.2479522174003,2538.9642857142853,2666.1497238327397,3359.4419585485784,3438.793879448208,4373.258641127628,0.0,3317.2988353687624,2963.180649726556,2095.8322267649023,1636.4780035125568,165.31931425468971
10号线南京东路,8,0.0,0.0,0.0,0.0,0.39812898983383876,0.0,349.37233629308827,970.4385489160104,1610.2959888184268,2182.4362422501554,0.0,1982.3214285714284,2122.6924425949437,2538.9642857142853,2666.1497238327397,3380.197192518034,3372.277100658981,4373.258641127628,0.0,3035.772151802479,2669.3146803559807,2095.8322267649023,1357.7808898961307,89.70366357410296
3号线中山公园,0,0.03571428530469187,0.0,0.0,0.0,0.0,47.28219777253186,0.0,0.0,1865.7829410883435,2521.9512253823796,2398.4529912006374,2727.3871865233027,3093.0826264682682,0.0,3550.267543504583,3575.550939454632,0.0,4178.502757658616,3421.9503689165686,2824.0721153710224,2654.864111776032,0.0,0.0,65.66599410700168
3号线中山公园,1,0.03571428530469187,0.0,0.0,0.0,0.0,33.29963720092309,0.0,0.0,1733.055112688875,2729.5425402654346,2246.5830052783435,2334.692071135021,2539.4229264300798,0.0,2989.6484574314827,3243.9611863108253,0.0,3753.761478652971,3030.826220943363,2320.163927763763,2311.82578952939,0.0,0.0,60.07861535624159
3号线中山公园,2,0.03571428530469187,0.0,0.0,0.0,0.0,46.06652375153903,0.0,0.0,4208.114197184173,3878.724507611565,2405.011648411226,1841.9757181636942,2144.828609241992,0.0,2309.475427843163,2419.5575201464717,0.0,3878.2406771281658,4494.680477199865,2648.7845161977234,2086.3032199130375,0.0,0.0,39.88789934450112
3号线中山公园,3,0.03571428530469187,0.0,0.0,0.0,0.0,39.90952762619616,0.0,0.0,5091.089418834901,4475.272471366667,2454.9931744688906,1855.1184464052212,2167.498432435218,0.0,2325.092158645054,2143.4422999641765,0.0,4275.576722262513,5502.999749359329,2858.6070729961375,2264.753487676495,0.0,0.0,26.559293782291846
3号线中山公园,4,0.03571428530469187,0.0,0.0,0.0,0.0,39.90952762619616,0.0,0.0,5325.671878760319,3947.289523862075,2352.126967652419,2106.4255673904427,2238.4019735412894,0.0,2402.3482268577372,2275.535922891042,0.0,4157.334914591775,4692.65189223878,2784.240793257921,2186.995918710596,0.0,0.0,38.893854896849746
3号线中山公园,5,0.03571428530469187,0.0,0.0,0.0,0.0,39.90952762619616,0.0,0.0,5465.460595998761,4379.648317384893,2253.6476939586905,1808.153199147826,1815.850140719771,0.0,1886.624843335845,2052.217469638519,0.0,4314.568983210979,5094.064325873183,3013.3562773207295,2399.8256695148784,0.0,0.0,48.530739298489095
3号线中山公园,6,0.03571428530469187,0.0,0.0,0.0,0.0,39.90952762619616,0.0,0.0,3762.7573984349506,3879.946174560595,2253.6476939586905,2043.091621482834,2312.660396130451,0.0,2478.3975038578856,2494.7301268827596,0.0,4531.936802241348,5278.668165512696,3169.260394927076,2563.1437981771755,0.0,0.0,67.33517559981505
3号线中山公园,7,0.03571428530469187,0.0,0.0,0.0,0.0,39.90952762619616,0.0,0.0,2129.490116342243,2818.715289926795,2253.6476939586905,2486.365085378948,2737.426298863523,0.0,3183.0898616644536,3240.4056836905947,0.0,4355.157682765601,3823.5157934654417,2818.730710025682,2608.808183584657,0.0,0.0,67.00648689492627
3号线中山公园,8,0.03571428530469187,0.0,0.0,0.0,0.0,39.90952762619616,0.0,0.0,2692.643368084444,2721.8215372613595,2253.6476939586905,2320.5294113342393,2491.836920143188,0.0,2879.86392380896,3188.8340194790253,0.0,3939.9690917374082,2954.8861717772234,2500.6263739292713,2412.911495562423,0.0,0.0,56.08835067699036
13号线金运路,0,0.0,0.0,0.0,0.0,0.49999999999999994,281.4109327647527,1126.1371708135678,0.0,3134.0344242274737,2542.6913352770625,2028.4400094310872,1905.8178575856637,2094.5481506982355,2032.51591938247,1925.4453646489037,1920.587388377223,2216.585134161148,2728.2101341294638,2877.977652084219,0.0,1865.3980839367543,1796.8639469929017,1478.7375244589768,166.08726582700785
13号线金运路,1,0.0,0.0,0.0,0.0,0.49999999999999994,255.04258535652798,1022.7654437784366,0.0,3840.209575142071,2618.13387371261,1860.9748967947785,1821.8085238069318,2022.672928740605,1881.2732672860172,1824.5414985758985,1902.74946944852,2234.4344769598447,2982.584266540268,2697.4987965746936,0.0,1674.4371611363413,1535.8022323758792,1196.9206756728188,121.5225280993558
13号线金运路,2,0.0,0.0,0.0,0.0,0.49999999999999994,264.7231215943028,1317.9531352181323,0.0,6833.018851640318,3124.280652032485,1710.286284344254,1415.422205660074,1667.1904797589004,1567.5659861461495,1608.9704880922882,1879.0999228489645,2108.5798939493793,2976.9958951893686,5042.001846900351,0.0,2207.9746514673357,1994.4664654813519,1218.0616420331978,112.75038402894099
13号线金运路,3,0.0,0.0,0.0,0.0,0.49999999999999994,261.16913391354126,1406.8139177759786,0.0,8205.824517333773,3489.729120376148,1781.5640901407487,1350.449278806404,1612.5431935018632,1449.1587138960258,1553.162861785192,1806.715093273507,2108.15122833582,3030.105783207966,5665.138245627197,0.0,2390.7820204977447,2170.9801746474486,1301.666038435187,133.2051831072439
13号线金运路,4,0.0,0.0,0.0,0.0,0.49999999999999994,262.4738992823973,1406.8139177759786,0.0,7365.398348709703,3332.787680958475,1805.4493969226578,1392.884506275288,1663.8977559549983,1474.935804794718,1425.7878122615007,1806.0831137449995,2186.1521275799073,3082.208185348207,4785.069058242067,0.0,2172.3312686707186,1987.4215350199665,1314.8443228464619,160.43197937622088
13号线金运路,5,0.0,0.0,0.0,0.0,0.49999999999999994,261.9948844909332,1406.8139177759786,0.0,8599.429207161238,3467.471637478484,1639.9573788925968,1266.509949604078,1554.6839001482501,1328.6948663196276,1470.7205324400857,1861.3679378453394,2186.1521275799073,3215.979268810909,5137.515476656206,0.0,2315.085020290838,2199.9810454910576,1484.9392705835812,175.30964070913546
13号线金运路,6,0.0,0.0,0.0,0.0,0.49999999999999994,262.1707438261964,1406.8139177759786,0.0,6792.683341916889,3123.8001113613545,1748.696197113556,1443.023614117306,1677.441443568915,1557.6353544863496,1663.3336871995107,1896.3810447979486,2186.1521275799073,2963.645220768619,4896.408505244752,0.0,2406.275750791915,2306.475440346572,1660.0197899980426,172.76836418771467
13号线金运路,7,0.0,0.0,0.0,0.0,0.49999999999999994,262.1061810896164,1406.8139177759786,0.0,3709.1003031290747,2676.2804806290096,1934.8709394938678,1877.7083021996461,2045.7942121507683,1900.1681458954326,1822.478790199435,1908.2611488609339,2186.1521275799073,2897.2229275323307,2971.372353968536,0.0,1976.3892011478047,1768.081989997289,1507.6632234325787,160.21858768878383
13号线金运路,8,0.0,0.0,0.0,0.0,0.49999999999999994,262.129883823102,1406.8139177759786,0.0,3805.471022489466,2674.9029943483993,1829.7570080980313,1844.267338392336,2053.7853389195443,1872.6800284636938,1794.8495399452058,1896.0070624841032,2186.1521275799073,2947.9507794530873,2867.4442839444264,0.0,1804.0395065562118,1544.4385729670803,1265.0320677714042,148.78193943098233
1号线延长路,0,17.111902783218007,0.0,0.0,0.0,0.07142856959828657,0.0,0.0,1206.1353200883605,2102.003450444172,2746.9371910418818,2673.2017925729733,2193.1054332706517,2231.785714285714,2442.2857142857138,2732.6221891744935,2686.257292577872,2674.9975636870568,2713.0091202710037,2160.6445217493438,1798.9167940916223,1657.5538406602586,1503.7855876537562,1074.2055125326629,191.4929311860281
1号线延长路,1,22.111513835443386,0.0,0.0,0.0,0.07142856959828657,0.0,0.0,1896.7640539460153,2654.9445510016412,2724.0301070515525,2068.890592545172,2168.2489747766067,2231.785714285714,2442.2857142857138,2543.2542547172043,2511.0294493529436,2471.0882408967236,2615.2814869420295,2328.1321801255012,1858.3048432659189,1472.653597361908,1336.9976606647379,795.9237374185903,74.15558940323722
1号线延长路,2,5.108094154442089,0.0,0.0,0.0,0.07142856959828657,0.0,0.0,3882.089009325622,4641.679842910151,3636.5604602406056,2587.179669536921,2154.9495228168266,2231.785714285714,2442.2857142857138,2488.0731000202404,2662.8356091409537,2943.682992208933,3800.4012409148,3774.8819523009915,2288.789576226027,1607.7964613996157,1190.4635791158062,809.0197127950279,45.054157363851026
1号线延长路,3,-4.19396231253068,0.0,0.0,0.0,0.07142856959828657,0.0,0.0,4888.693667815915,5515.784084152088,4166.511918102848,2802.185427461206,2147.8336489897943,2231.785714285714,2442.2857142857138,2545.530202785701,2928.105541199151,3238.305595233728,4432.708699192376,4417.4765572851375,2531.3582002934945,1713.5289166436587,1173.1911600899844,904.1314213691054,79.07457547737843
1号线延长路,4,1.072798135019509,0.0,0.0,0.0,0.07142856959828657,0.0,0.0,4227.85074939817,5021.8407352647555,3989.975537638171,2439.1780888074863,2144.026299598603,2231.785714285714,2442.2857142857138,2588.3412021942377,2617.0384807412374,2974.429272618182,4018.1488497505106,3840.9083311192535,2335.8243880109967,1770.3940278336295,1297.9180642112485,867.7521098741432,67.92626221821331
1号线延长路,5,-0.18711274821434642,0.0,0.0,0.0,0.07142856959828657,0.0,0.0,5121.836015694134,5888.006250686045,4201.370846314684,2333.0420588462393,2141.989176718271,2231.785714285714,2442.2857142857138,2580.1488247342295,2805.5024059193593,3000.353750564871,4084.1673507133582,4488.63742489011,2581.248775068746,1819.6542517098724,1471.719153014742,983.6783170684205,97.85653900183254
1号线延长路,6,-0.8895097920538895,0.0,0.0,0.0,0.07142856959828657,0.0,0.0,3715.859654375052,4534.587530764224,3730.6857930773285,2744.5524235504854,2140.899213806232,2231.785714285714,2442.2857142857138,2559.8328988445423,3070.1168948682716,3124.5451417921468,3815.3806969052494,4048.500020463098,2362.3333462124538,1752.5451805746784,1565.2382805416337,1202.2770637592635,186.7226457419691
1号线延长路,7,14.49864397130639,0.0,0.0,0.0,0.07142856959828657,0.0,0.0,1815.8027531476564,2558.657697346138,2864.6650533936354,2661.9351713287697,2140.316028981649,2231.785714285714,2442.2857142857138,2555.9630041160513,2830.519185824176,2765.7816819412164,2771.5035391057627,2442.2567733154337,1958.8285195729623,1614.56070174812,1508.9650100086303,1090.7969582332107,179.25576937036038
1号线延长路,8,23.152881777938813,0.0,0.0,0.0,0.07142856959828657,0.0,0.0,1935.978580364368,2768.7775428584428,2836.5534293755663,2288.499836631173,2140.003995851102,2231.785714285714,2442.2857142857138,2562.853907215944,2462.0870082732617,2520.974887490249,2623.0599482294165,2222.2381796123136,1929.270985326044,1555.2287711214985,1344.899836189885,806.3552150768231,83.1882015664782
11号线南翔,0,0.0,0.0,0.0,0.0,0.10714285544402555,0.0,0.0,1421.7740129837894,2233.144100260848,2784.2018693223195,2417.311292914687,2296.2282595265638,2477.9875047224755,2211.8943647213528,2312.062799030646,2259.523731059473,2595.1433561794292,2962.372198569212,2489.0474431268353,2036.059226550975,1722.055946988133,1469.524776336263,980.92354565405,241.8980730155128
11号线南翔,1,0.0,0.0,0.0,0.0,0.10714285544402555,0.0,0.0,2325.357262957479,3010.7374974993945,2747.9260582389547,2196.8696661092763,1683.4394225811634,1947.849864166318,1993.5652021991973,2078.4926411143224,2071.3037751617285,2515.0305902300593,2642.2180061270246,2878.99078194964,2285.867321030759,1514.6470046874092,1287.411363423116,866.9695619463598,189.62021503367703
11号线南翔,2,0.0,0.0,0.0,0.0,0.10714285544402555,0.0,0.0,5125.3201239642785,5992.554371105956,2747.9260582389547,1757.7849152819995,2074.7918972048765,2027.008874771065,1894.6436377582042,1966.2169643603097,2190.4867364625484,2515.0305902300593,3492.1236512519945,4296.305578793299,3319.1540945731194,1868.7448112222405,1250.2240559515576,610.2482020427949,192.66068846033986
11号线南翔,3,0.0,0.0,0.0,0.0,0.10714285544402555,0.0,0.0,6386.2625552458085,7289.45466476824,2747.9260582389547,1864.859006945032,1868.1036472744804,1789.5285151180212,1970.6454583549714,2077.9413625044153,2041.8273614330017,2515.0305902300593,4005.512298685283,5140.548374431941,3848.221015043531,1961.7249212078937,1489.769616296097,893.46953039032,176.27821001472302
11号线南翔,4,0.0,0.0,0.0,0.0,0.10714285544402555,0.0,0.0,5604.914529711874,6373.79930608721,2747.9260582389547,2053.711025791157,1662.9623407823003,1820.2973112231446,1970.6454583549714,1777.7071034625505,2006.1187855875914,2515.0305902300593,3828.380232876103,4432.962031409168,3273.924756957109,1821.500649778575,1489.769616296097,893.46953039032,157.79987602213112
11号线南翔,5,0.0,0.0,0.0,0.0,0.10714285544402555,0.0,0.0,6833.778618971177,7493.638201521808,2747.9260582389547,1755.9352971782591,1833.8004684588711,1963.727688544725,1970.6454583549714,1973.0934055173502,2062.1218276033624,2515.0305902300593,4052.7368082025723,5141.548124993011,3901.5760593193736,2064.278189716911,1489.769616296097,893.46953039032,220.44892594985473
11号线南翔,6,0.0,0.0,0.0,0.0,0.10714285544402555,0.0,0.0,4947.405108187899,5807.167266285485,2747.9260582389547,1794.2924229063055,1833.8004684588711,1963.727688544725,1970.6454583549714,1973.0934055173502,2062.1218276033624,2515.0305902300593,3890.8254636974925,4388.808265258984,3301.1523099192163,2188.2013950171213,1489.769616296097,893.46953039032,281.92199987078044
11号线南翔,7,0.0,0.0,0.0,0.0,0.10714285544402555,0.0,0.0,2209.6791775494858,2968.13938886691,2747.9260582389547,2218.0522611282886,1833.8004684588711,1963.727688544725,1970.6454583549714,1973.0934055173502,2062.1218276033624,2515.0305902300593,3014.991231825059,2983.875244521567,2313.7617336355524,1730.2211622563211,1489.769616296097,893.46953039032,245.27405490201465
11号线南翔,8,0.0,0.0,0.0,0.0,0.10714285544402555,0.0,0.0,2452.1193366750904,3102.152075981794,2747.9260582389547,2153.23993569773,1833.8004684588711,1963.727688544725,1970.6454583549714,1973.0934055173502,2062.1218276033624,2515.0305902300593,2786.553125480521,2794.597353320896,2285.8666628110714,1514.0809868046972,1489.769616296097,893.46953039032,198.26412589248923
8号线陆家浜路,0,17.689285940630032,0.0,0.0,0.0,0.0,85.10500156240862,0.0,1747.6864050940078,2198.936172010399,2700.5254434834624,0.0,2416.8412367196197,2668.493309666962,2499.4760129629644,2602.892857142857,2767.545193375743,2567.698569888716,2591.823883122889,2475.7261527554965,1702.261120634501,1570.3346191943065,1621.1240303290008,939.2200164588864,164.31281464615088
8号线陆家浜路,1,16.93636547617372,0.0,0.0,0.0,0.0,64.67738463756685,0.0,1421.4129444563423,2760.560687579122,2706.667654193213,0.0,2145.7199257960283,2213.72163317062,2215.1185890827514,2602.892857142857,2362.5264303119675,2523.783487546558,2814.6737121080514,2660.461040618735,1566.2174106266907,1407.245952872222,1268.0907993803849,744.2941439600273,103.87040168212799
8号线陆家浜路,2,6.4414694871325615,0.0,0.0,0.0,0.0,57.08878983792479,0.0,3583.0671145787446,4912.143697002102,3454.3160364244704,0.0,2033.723942841409,2337.5189120914565,2246.759848575436,2602.892857142857,2446.0319281669813,3181.273167621055,4355.302653781129,3548.1899590037538,2157.004147038507,1533.3896123921118,1179.1843855176448,642.9592224692664,51.81682463971825
8号线陆家浜路,3,0.5436543766325137,0.0,0.0,0.0,0.0,74.22395414871508,0.0,4877.622247636571,5836.888136918078,3864.1167509092256,0.0,2004.915344713591,2623.127671986982,2450.757668500727,2602.892857142857,2767.4226356707177,3370.817250878161,5112.092838227956,4076.4099163830033,2347.40249530897,1555.7406988673085,1334.550008634093,671.7227082916305,53.3845160863296
8号线陆家浜路,4,2.1620688874428637,0.0,0.0,0.0,0.0,72.05388468400352,0.0,4148.037283218313,5323.321019993422,3717.6527914091093,0.0,1951.5917090493622,2347.885900049967,2347.7865665872077,2602.892857142857,2660.098221831736,2986.2173225364113,4400.86402576931,3679.984650998351,2076.369113994791,1539.8408883705292,1342.7874518507351,697.0528878955563,68.18409947225362
8号线陆家浜路,5,-2.0527277139014863,0.0,0.0,0.0,0.0,58.59861924798214,0.0,4147.148878993396,6279.551880964344,3765.9281675866278,0.0,1870.6373623105515,2114.1398016261046,2197.401556165547,2602.892857142857,2742.0867020190926,3410.9743623046843,4859.502995156872,4304.79976155947,2178.3248149977385,1686.358024241304,1417.1677319730015,759.986480006258,98.00170760167181
8号线陆家浜路,6,3.0007189493365622,0.0,0.0,0.0,0.0,64.46825566794638,0.0,3797.971101824898,4833.742042065298,3456.899778159597,0.0,2098.8029450001504,2535.7255139159897,2399.734941017713,2602.892857142857,3025.578355482,3435.8326888296406,4316.815346316858,3754.4795665416095,2210.1392870072536,1745.9122316901958,1654.4423246460624,880.9756301403927,138.60895569451958
8号线陆家浜路,7,13.458738185942998,0.0,0.0,0.0,0.0,71.57791139632916,0.0,1939.2873883640968,2684.390235968436,2807.3348779805283,0.0,2264.33946465429,2617.6851229626573,2481.34820423337,2602.892857142857,2850.796046299789,2670.8289253176717,2814.777288685593,2728.6183852128197,1690.710276837328,1604.0275110783464,1629.9129854469147,909.1583759189541,149.1922740787803
8号线陆家浜路,8,15.121460703725315,0.0,0.0,0.0,0.0,63.49427843624141,0.0,1397.0121324541142,2886.6894805516968,2763.4472050467193,0.0,2216.979182331705,2234.258247371865,2245.187989590888,2602.892857142857,2416.582428943617,2488.3930287473495,2673.490694079812,2628.133037692287,1591.715060772529,1488.8995262956637,1304.5443191116765,795.0077021011723,110.44631441153459
7号线静安寺,0,10.810823487322967,0.0,0.0,0.0,0.0,38.095971018208814,0.0,710.3991748512271,1553.5142132941542,2581.480114653399,2122.5957292842945,1730.122053310494,2069.8744217420676,2367.0554990221344,2352.0112187048794,2314.769926880765,2532.548232772591,3395.475372678773,2889.395359461614,1641.4435213773727,1664.4266321112643,1758.6845978441856,1434.2953562228122,86.05764296675133
7号线静安寺,1,6.74919829465192,0.0,0.0,0.0,0.0,34.37988306496038,0.0,730.098915292248,1546.6643373099698,3128.537752890943,2125.776388818671,1749.2780250160797,2101.354894666198,2269.451984311709,2256.1789726467305,2323.7305245597927,2448.6491182007685,3153.220141100094,3203.323410645451,1588.5640660343174,1563.9632920705074,1302.9890952519493,1217.1301364677556,54.46026073604727
7号线静安寺,2,2.0837647976540747,0.0,0.0,0.0,0.0,32.82897732279375,0.0,1961.5671782147176,5696.768386194018,5125.653803844934,2125.776388818671,1749.2780250160797,2043.8308848132956,2035.0096712654872,2117.6221881436413,2242.532123064048,2366.81194414307,3796.779567437865,4804.753295850365,2800.9150230358764,1868.3309294622368,1581.6239248145064,1113.593063678417,11.144604866888045
7号线静安寺,3,0.389605299475571,0.0,0.0,0.0,0.0,32.18170829920058,0.0,2226.6916944573295,6497.002683239569,6097.742942729092,2125.776388818671,1749.2780250160797,1883.225531261776,1821.0909588827844,2026.2942625288815,2144.6907526361892,2316.3904028954685,4155.996251891016,5589.813790030279,3114.8598958166704,2084.7945491682394,1858.9428593936016,1229.9074827321197,15.536453420775388
7号线静安寺,4,0.8794670898553605,0.0,0.0,0.0,0.0,31.91157119317764,0.0,1904.9965982677877,5624.561523861754,5502.261120625595,2125.776388818671,1749.2780250160797,1757.6879608106892,1756.0416415423967,2004.4239493278194,2076.649400878146,2300.581821136394,4017.086405816509,5118.126947913337,2848.2485423601147,1825.071623229779,1581.0742234270847,1114.1315660255655,-6.27763012798772
7号线静安寺,5,-1.5624692979165324,0.0,0.0,0.0,0.0,31.79882973114173,0.0,2225.3860912482883,6672.540542041917,6352.973842816731,2125.776388818671,1749.2780250160797,1708.6671636648748,1884.3514946816995,2028.7481430206403,2051.7530958865714,2308.1586077285597,4259.7254258411895,5983.1456030426125,3159.617250414196,1976.5493401507265,1586.007538251189,1249.4883031607642,44.47695896283484
7号线静安寺,6,4.984281421014951,0.0,0.0,0.0,0.0,31.751777190122375,0.0,1931.005490747994,5364.963152583707,5110.307907078792,2125.776388818671,1749.2780250160797,1749.5101019660256,2120.4282514615097,2064.452633194108,2060.1157061085546,2324.75927897365,4206.418528936309,5102.637070927787,2861.7534074101104,2078.609819812319,1928.692918986507,1410.7842194458583,97.44972277187219
7号线静安寺,7,7.720079100099916,0.0,0.0,0.0,0.0,31.732139857268976,0.0,712.91066331912,1657.8424244756661,3210.1046732756204,2125.776388818671,1749.2780250160797,1834.2214932507823,2306.7745167664616,2088.1752350583793,2083.1840606641745,2339.766164547236,3638.700356489764,3493.9752893726836,1673.1996393536442,1761.6852362390582,1745.120021968038,1420.3998574236252,101.79932372137016
7号线静安寺,8,5.210865268040752,0.0,0.0,0.0,0.0,31.723944235242172,0.0,737.2125021616034,2072.915677592382,3222.16878968568,2125.776388818671,1749.2780250160797,1910.1778649843102,2320.042876422958,2094.0014365916877,2105.069235009441,2348.3969302174,3420.0730866963368,3404.9516798456098,1631.7145667503773,1558.5962862257275,1396.526836654428,1246.4290751443114,49.826592162973085
site,date,0,1,2,3,4,5,6,7,8,9,10,11,12,13,14,15,16,17,18,19,20,21,22,23
